pm25,temperature,datetime,humidity
10.65,20.56,2023-07-28 07:00:00+00:00,85.27
10.59,20.94,2023-07-28 08:00:00+00:00,83.45
9.84,20.66,2023-07-28 09:00:00+00:00,83.61
9.95,20.85,2023-07-28 10:00:00+00:00,81.41
9.6,21.57,2023-07-28 11:00:00+00:00,78.37
8.33,23.45,2023-07-28 12:00:00+00:00,71.0
7.51,24.5,2023-07-28 13:00:00+00:00,66.37
5.78,26.4,2023-07-28 14:00:00+00:00,58.72
3.56,26.44,2023-07-28 15:00:00+00:00,55.42
4.13,24.67,2023-07-28 16:00:00+00:00,62.85
5.2,23.24,2023-07-28 17:00:00+00:00,66.45
1.65,22.52,2023-07-28 18:00:00+00:00,66.3
1.63,21.83,2023-07-28 19:00:00+00:00,68.41
2.97,20.46,2023-07-28 20:00:00+00:00,74.1
2.33,19.97,2023-07-28 21:00:00+00:00,77.44
2.68,19.75,2023-07-28 22:00:00+00:00,80.06
3.42,19.23,2023-07-28 23:00:00+00:00,82.53
3.05,18.51,2023-07-29 00:00:00+00:00,83.74
2.6,18.28,2023-07-29 01:00:00+00:00,82.91
2.7,18.46,2023-07-29 02:00:00+00:00,80.29
3.57,18.07,2023-07-29 03:00:00+00:00,81.34
3.87,17.78,2023-07-29 04:00:00+00:00,81.92
4.41,17.77,2023-07-29 05:00:00+00:00,83.89
4.38,18.73,2023-07-29 06:00:00+00:00,82.1
3.05,19.8,2023-07-29 07:00:00+00:00,79.25
2.32,20.96,2023-07-29 08:00:00+00:00,75.88
2.44,20.45,2023-07-29 09:00:00+00:00,77.15
3.05,20.85,2023-07-29 10:00:00+00:00,72.87
2.91,21.19,2023-07-29 11:00:00+00:00,72.72
1.95,23.29,2023-07-29 12:00:00+00:00,63.55
1.1,25.56,2023-07-29 13:00:00+00:00,55.61
0.88,26.14,2023-07-29 14:00:00+00:00,53.66
1.43,26.56,2023-07-29 15:00:00+00:00,51.46
2.39,26.3,2023-07-29 16:00:00+00:00,49.69
2.4,25.45,2023-07-29 17:00:00+00:00,50.61
3.51,23.65,2023-07-29 18:00:00+00:00,57.33
4.93,21.31,2023-07-29 19:00:00+00:00,66.21
5.97,19.87,2023-07-29 20:00:00+00:00,73.25
7.14,19.1,2023-07-29 21:00:00+00:00,78.13
8.49,18.49,2023-07-29 22:00:00+00:00,80.6
7.54,18.04,2023-07-29 23:00:00+00:00,81.55
7.6,17.88,2023-07-30 00:00:00+00:00,82.7
7.48,18.52,2023-07-30 01:00:00+00:00,81.82
6.75,18.68,2023-07-30 02:00:00+00:00,81.01
4.16,18.53,2023-07-30 03:00:00+00:00,72.6
2.9,18.43,2023-07-30 04:00:00+00:00,67.13
3.29,18.1,2023-07-30 05:00:00+00:00,65.42
3.35,18.57,2023-07-30 06:00:00+00:00,65.37
3.3,19.23,2023-07-30 07:00:00+00:00,65.69
3.69,19.36,2023-07-30 08:00:00+00:00,68.72
3.18,19.81,2023-07-30 09:00:00+00:00,65.06
3.28,22.41,2023-07-30 10:00:00+00:00,55.43
3.52,22.08,2023-07-30 11:00:00+00:00,57.07
3.02,22.86,2023-07-30 12:00:00+00:00,54.84
2.88,22.24,2023-07-30 13:00:00+00:00,56.53
2.72,22.79,2023-07-30 14:00:00+00:00,52.07
3.69,23.63,2023-07-30 15:00:00+00:00,51.3
5.38,22.54,2023-07-30 16:00:00+00:00,56.8
7.24,20.75,2023-07-30 17:00:00+00:00,67.09
3.87,19.77,2023-07-30 18:00:00+00:00,72.06
2.97,19.54,2023-07-30 19:00:00+00:00,75.1
3.28,19.27,2023-07-30 20:00:00+00:00,76.88
3.5,18.48,2023-07-30 21:00:00+00:00,78.13
2.73,17.24,2023-07-30 22:00:00+00:00,82.08
2.21,16.64,2023-07-30 23:00:00+00:00,90.41
3.36,17.09,2023-07-31 00:00:00+00:00,91.73
4.84,17.59,2023-07-31 01:00:00+00:00,89.76
8.25,17.68,2023-07-31 02:00:00+00:00,90.02
8.97,17.78,2023-07-31 03:00:00+00:00,87.51
9.1,17.58,2023-07-31 04:00:00+00:00,87.37
7.12,17.47,2023-07-31 05:00:00+00:00,89.47
1.79,17.53,2023-07-31 06:00:00+00:00,92.03
3.16,17.95,2023-07-31 07:00:00+00:00,91.99
3.42,18.33,2023-07-31 08:00:00+00:00,91.21
2.93,18.83,2023-07-31 09:00:00+00:00,90.43
4.4,19.34,2023-07-31 10:00:00+00:00,88.54
3.79,19.92,2023-07-31 11:00:00+00:00,86.01
3.97,20.77,2023-07-31 12:00:00+00:00,81.35
4.16,21.25,2023-07-31 13:00:00+00:00,78.75
2.91,21.2,2023-07-31 14:00:00+00:00,78.66
3.54,19.78,2023-07-31 15:00:00+00:00,85.78
3.72,19.67,2023-07-31 16:00:00+00:00,85.1
3.59,19.9,2023-07-31 17:00:00+00:00,83.99
4.18,19.76,2023-07-31 18:00:00+00:00,84.55
3.55,19.18,2023-07-31 19:00:00+00:00,80.85
3.93,18.91,2023-07-31 20:00:00+00:00,79.32
3.84,18.66,2023-07-31 21:00:00+00:00,77.39
4.43,18.45,2023-07-31 22:00:00+00:00,76.68
4.94,18.3,2023-07-31 23:00:00+00:00,77.52
5.41,17.98,2023-08-01 00:00:00+00:00,79.88
5.74,17.75,2023-08-01 01:00:00+00:00,80.57
5.27,17.59,2023-08-01 02:00:00+00:00,80.44
4.99,16.5,2023-08-01 03:00:00+00:00,86.84
6.41,16.77,2023-08-01 04:00:00+00:00,86.73
5.43,16.92,2023-08-01 05:00:00+00:00,85.11
4.16,17.13,2023-08-01 06:00:00+00:00,82.66
3.97,17.83,2023-08-01 07:00:00+00:00,78.83
3.42,18.87,2023-08-01 08:00:00+00:00,74.49
3.11,19.52,2023-08-01 09:00:00+00:00,70.58
2.77,21.39,2023-08-01 10:00:00+00:00,63.17
3.01,21.65,2023-08-01 11:00:00+00:00,62.06
2.74,22.08,2023-08-01 12:00:00+00:00,61.96
2.15,21.82,2023-08-01 13:00:00+00:00,62.34
2.38,20.12,2023-08-01 14:00:00+00:00,70.58
3.37,21.58,2023-08-01 15:00:00+00:00,64.55
1.9,20.3,2023-08-01 16:00:00+00:00,67.74
2.35,19.99,2023-08-01 17:00:00+00:00,68.63
2.28,20.39,2023-08-01 18:00:00+00:00,68.19
2.05,19.14,2023-08-01 19:00:00+00:00,69.15
2.06,18.75,2023-08-01 20:00:00+00:00,70.74
2.39,18.25,2023-08-01 22:00:00+00:00,76.13
3.64,18.26,2023-08-01 23:00:00+00:00,76.51
6.38,17.6,2023-08-02 00:00:00+00:00,81.6
5.8,17.74,2023-08-02 01:00:00+00:00,83.08
6.79,17.56,2023-08-02 02:00:00+00:00,82.74
7.18,17.16,2023-08-02 03:00:00+00:00,83.49
8.05,16.64,2023-08-02 04:00:00+00:00,84.95
8.72,16.55,2023-08-02 05:00:00+00:00,84.97
7.18,16.6,2023-08-02 06:00:00+00:00,86.57
8.16,16.56,2023-08-02 07:00:00+00:00,89.52
3.8,16.86,2023-08-02 08:00:00+00:00,89.21
1.64,17.52,2023-08-02 09:00:00+00:00,88.36
1.76,19.18,2023-08-02 10:00:00+00:00,84.64
2.68,22.68,2023-08-02 11:00:00+00:00,72.3
3.02,24.54,2023-08-02 12:00:00+00:00,58.8
3.33,25.91,2023-08-02 13:00:00+00:00,50.35
4.31,24.13,2023-08-02 14:00:00+00:00,55.0
5.34,23.79,2023-08-02 15:00:00+00:00,54.61
5.46,21.66,2023-08-02 16:00:00+00:00,60.69
6.74,20.79,2023-08-02 17:00:00+00:00,65.6
3.22,17.9,2023-08-02 18:00:00+00:00,84.31
3.89,17.57,2023-08-02 19:00:00+00:00,86.86
2.92,17.17,2023-08-02 20:00:00+00:00,88.94
2.88,17.38,2023-08-02 21:00:00+00:00,88.8
2.68,17.44,2023-08-02 22:00:00+00:00,87.94
2.54,17.35,2023-08-02 23:00:00+00:00,88.78
2.67,17.22,2023-08-03 00:00:00+00:00,90.72
3.7,17.31,2023-08-03 01:00:00+00:00,93.3
2.6,17.56,2023-08-03 02:00:00+00:00,90.76
4.36,17.56,2023-08-03 03:00:00+00:00,90.01
5.26,17.61,2023-08-03 04:00:00+00:00,89.97
3.77,17.52,2023-08-03 05:00:00+00:00,89.37
4.1,17.71,2023-08-03 06:00:00+00:00,89.15
3.94,19.76,2023-08-03 07:00:00+00:00,82.78
2.99,20.94,2023-08-03 08:00:00+00:00,77.65
2.4,23.02,2023-08-03 09:00:00+00:00,68.32
2.3,22.38,2023-08-03 10:00:00+00:00,68.69
2.53,21.69,2023-08-03 11:00:00+00:00,69.03
2.4,23.34,2023-08-03 12:00:00+00:00,61.26
2.86,24.76,2023-08-03 13:00:00+00:00,54.57
3.17,22.98,2023-08-03 14:00:00+00:00,58.87
3.34,20.44,2023-08-03 15:00:00+00:00,66.86
3.13,19.29,2023-08-03 16:00:00+00:00,70.71
2.86,19.44,2023-08-03 17:00:00+00:00,68.6
3.27,19.03,2023-08-03 18:00:00+00:00,71.29
2.83,19.12,2023-08-03 19:00:00+00:00,69.0
3.33,18.03,2023-08-03 20:00:00+00:00,74.34
3.39,17.75,2023-08-03 21:00:00+00:00,75.36
3.11,17.83,2023-08-03 22:00:00+00:00,76.6
3.36,17.7,2023-08-03 23:00:00+00:00,78.22
2.11,16.98,2023-08-04 00:00:00+00:00,83.84
3.59,16.64,2023-08-04 01:00:00+00:00,86.95
4.61,16.77,2023-08-04 02:00:00+00:00,87.19
4.67,16.83,2023-08-04 03:00:00+00:00,86.01
3.95,16.8,2023-08-04 04:00:00+00:00,86.38
3.76,16.81,2023-08-04 05:00:00+00:00,85.92
3.87,17.06,2023-08-04 06:00:00+00:00,85.76
3.9,18.02,2023-08-04 07:00:00+00:00,80.76
3.3,18.98,2023-08-04 08:00:00+00:00,77.79
2.07,21.54,2023-08-04 09:00:00+00:00,64.8
1.65,24.29,2023-08-04 10:00:00+00:00,54.19
1.35,25.53,2023-08-04 11:00:00+00:00,50.08
1.39,24.86,2023-08-04 12:00:00+00:00,50.72
1.22,26.03,2023-08-04 13:00:00+00:00,47.45
1.21,24.21,2023-08-04 14:00:00+00:00,51.84
1.24,27.8,2023-08-04 15:00:00+00:00,42.88
1.37,29.07,2023-08-04 16:00:00+00:00,40.36
1.89,25.56,2023-08-04 17:00:00+00:00,49.19
2.27,22.92,2023-08-04 18:00:00+00:00,55.42
2.39,20.29,2023-08-04 19:00:00+00:00,64.67
2.56,18.24,2023-08-04 20:00:00+00:00,73.78
3.06,16.84,2023-08-04 21:00:00+00:00,80.52
3.6,16.65,2023-08-04 22:00:00+00:00,82.38
3.98,17.1,2023-08-04 23:00:00+00:00,82.12
3.88,17.05,2023-08-05 00:00:00+00:00,81.69
5.98,16.97,2023-08-05 01:00:00+00:00,82.76
6.65,17.15,2023-08-05 02:00:00+00:00,80.89
4.69,17.14,2023-08-05 03:00:00+00:00,80.21
4.2,16.67,2023-08-05 04:00:00+00:00,81.84
5.33,16.39,2023-08-05 05:00:00+00:00,83.2
6.09,16.95,2023-08-05 06:00:00+00:00,81.03
8.1,18.18,2023-08-05 07:00:00+00:00,76.11
9.95,19.9,2023-08-05 08:00:00+00:00,68.4
8.65,22.17,2023-08-05 09:00:00+00:00,60.14
6.33,22.92,2023-08-05 10:00:00+00:00,56.63
7.47,21.46,2023-08-05 11:00:00+00:00,60.93
5.58,19.89,2023-08-05 12:00:00+00:00,61.52
8.04,17.36,2023-08-05 13:00:00+00:00,77.09
9.95,17.74,2023-08-05 14:00:00+00:00,76.02
5.16,18.41,2023-08-05 15:00:00+00:00,67.98
4.08,19.84,2023-08-05 16:00:00+00:00,59.7
3.95,21.55,2023-08-05 17:00:00+00:00,54.29
3.52,18.81,2023-08-05 18:00:00+00:00,62.73
4.12,17.48,2023-08-05 19:00:00+00:00,70.24
5.66,16.77,2023-08-05 20:00:00+00:00,76.89
8.69,16.16,2023-08-05 21:00:00+00:00,84.19
10.33,16.04,2023-08-05 22:00:00+00:00,86.27
9.13,16.26,2023-08-05 23:00:00+00:00,85.85
12.01,16.25,2023-08-06 00:00:00+00:00,87.37
16.74,15.66,2023-08-06 01:00:00+00:00,93.16
18.28,15.76,2023-08-06 02:00:00+00:00,91.87
16.58,15.83,2023-08-06 03:00:00+00:00,92.93
9.12,15.23,2023-08-06 04:00:00+00:00,94.41
3.82,14.89,2023-08-06 05:00:00+00:00,92.58
11.23,15.03,2023-08-06 06:00:00+00:00,92.83
8.81,15.17,2023-08-06 07:00:00+00:00,90.95
9.03,15.79,2023-08-06 08:00:00+00:00,90.86
6.35,16.6,2023-08-06 09:00:00+00:00,87.99
2.85,18.03,2023-08-06 10:00:00+00:00,83.26
1.57,17.98,2023-08-06 11:00:00+00:00,81.49
1.6,18.88,2023-08-06 12:00:00+00:00,77.95
1.63,21.9,2023-08-06 13:00:00+00:00,65.78
1.58,22.5,2023-08-06 14:00:00+00:00,60.19
2.11,19.4,2023-08-06 15:00:00+00:00,66.72
2.55,18.98,2023-08-06 16:00:00+00:00,66.63
2.52,17.61,2023-08-06 17:00:00+00:00,74.99
3.13,16.75,2023-08-06 18:00:00+00:00,77.93
3.2,15.36,2023-08-06 19:00:00+00:00,85.99
2.77,14.86,2023-08-06 20:00:00+00:00,89.32
3.48,14.73,2023-08-06 21:00:00+00:00,89.43
4.44,14.67,2023-08-06 22:00:00+00:00,87.34
3.69,14.54,2023-08-06 23:00:00+00:00,87.37
3.98,14.45,2023-08-07 00:00:00+00:00,87.12
4.07,14.6,2023-08-07 01:00:00+00:00,84.12
3.4,15.1,2023-08-07 02:00:00+00:00,80.11
3.69,14.61,2023-08-07 03:00:00+00:00,86.55
4.05,14.63,2023-08-07 04:00:00+00:00,86.66
4.97,15.14,2023-08-07 05:00:00+00:00,83.76
4.44,15.78,2023-08-07 06:00:00+00:00,78.46
4.49,16.26,2023-08-07 07:00:00+00:00,77.65
3.94,16.91,2023-08-07 08:00:00+00:00,73.38
3.36,17.76,2023-08-07 09:00:00+00:00,65.69
3.13,19.44,2023-08-07 10:00:00+00:00,62.35
2.86,22.4,2023-08-07 11:00:00+00:00,51.59
2.09,25.25,2023-08-07 12:00:00+00:00,40.43
2.09,24.5,2023-08-07 13:00:00+00:00,41.02
2.34,21.98,2023-08-07 14:00:00+00:00,49.42
2.68,20.77,2023-08-07 15:00:00+00:00,53.8
2.77,20.44,2023-08-07 16:00:00+00:00,54.41
2.65,20.92,2023-08-07 17:00:00+00:00,54.48
2.13,20.28,2023-08-07 18:00:00+00:00,57.67
2.16,18.01,2023-08-07 19:00:00+00:00,63.08
2.94,16.63,2023-08-07 20:00:00+00:00,70.72
3.27,16.86,2023-08-07 21:00:00+00:00,73.64
2.88,17.12,2023-08-07 22:00:00+00:00,73.64
3.93,16.89,2023-08-07 23:00:00+00:00,76.24
3.67,16.34,2023-08-08 00:00:00+00:00,79.53
2.95,16.59,2023-08-08 01:00:00+00:00,73.31
2.27,16.83,2023-08-08 02:00:00+00:00,68.95
2.15,16.26,2023-08-08 03:00:00+00:00,68.91
2.03,16.17,2023-08-08 04:00:00+00:00,69.01
2.17,15.85,2023-08-08 05:00:00+00:00,69.46
2.07,16.39,2023-08-08 06:00:00+00:00,68.85
1.56,17.49,2023-08-08 07:00:00+00:00,66.09
1.54,18.47,2023-08-08 08:00:00+00:00,64.57
1.54,19.6,2023-08-08 09:00:00+00:00,60.53
1.6,20.07,2023-08-08 10:00:00+00:00,59.97
1.72,20.8,2023-08-08 11:00:00+00:00,56.98
1.63,21.42,2023-08-08 12:00:00+00:00,55.69
1.74,21.08,2023-08-08 13:00:00+00:00,57.3
1.73,21.4,2023-08-08 14:00:00+00:00,55.09
1.68,21.44,2023-08-08 15:00:00+00:00,55.41
2.2,20.08,2023-08-08 16:00:00+00:00,59.82
2.3,19.1,2023-08-08 17:00:00+00:00,61.17
3.24,17.55,2023-08-08 18:00:00+00:00,74.07
3.19,16.37,2023-08-08 19:00:00+00:00,77.39
3.09,16.54,2023-08-08 20:00:00+00:00,79.7
3.55,16.59,2023-08-08 21:00:00+00:00,82.83
3.76,16.75,2023-08-08 22:00:00+00:00,83.18
3.53,16.41,2023-08-08 23:00:00+00:00,82.61
3.67,15.92,2023-08-09 00:00:00+00:00,84.59
4.14,15.34,2023-08-09 01:00:00+00:00,87.23
4.77,14.84,2023-08-09 02:00:00+00:00,87.31
6.55,14.14,2023-08-09 03:00:00+00:00,88.32
8.21,13.42,2023-08-09 04:00:00+00:00,88.34
9.07,13.49,2023-08-09 05:00:00+00:00,89.21
9.68,15.6,2023-08-09 06:00:00+00:00,86.3
9.25,17.38,2023-08-09 07:00:00+00:00,81.39
5.56,19.69,2023-08-09 08:00:00+00:00,73.96
3.12,22.5,2023-08-09 09:00:00+00:00,60.93
3.44,24.08,2023-08-09 10:00:00+00:00,54.92
2.72,24.78,2023-08-09 11:00:00+00:00,51.72
2.41,24.66,2023-08-09 12:00:00+00:00,50.14
2.14,26.39,2023-08-09 13:00:00+00:00,43.25
1.88,28.57,2023-08-09 14:00:00+00:00,37.03
1.68,25.71,2023-08-09 15:00:00+00:00,41.48
1.64,25.36,2023-08-09 16:00:00+00:00,41.16
1.74,23.14,2023-08-09 17:00:00+00:00,46.84
1.88,21.01,2023-08-09 18:00:00+00:00,53.62
1.81,19.23,2023-08-09 19:00:00+00:00,59.88
2.07,16.87,2023-08-09 20:00:00+00:00,70.19
2.68,15.96,2023-08-09 21:00:00+00:00,73.41
2.52,15.87,2023-08-09 22:00:00+00:00,72.65
2.27,16.2,2023-08-09 23:00:00+00:00,71.25
1.87,16.23,2023-08-10 00:00:00+00:00,71.49
1.83,15.93,2023-08-10 01:00:00+00:00,72.08
2.09,15.76,2023-08-10 02:00:00+00:00,71.69
2.27,15.19,2023-08-10 03:00:00+00:00,75.7
3.57,14.4,2023-08-10 04:00:00+00:00,82.22
4.93,14.68,2023-08-10 05:00:00+00:00,81.8
6.87,16.53,2023-08-10 06:00:00+00:00,78.44
6.38,19.07,2023-08-10 07:00:00+00:00,67.86
5.12,20.87,2023-08-10 08:00:00+00:00,60.34
5.63,22.6,2023-08-10 09:00:00+00:00,53.66
5.34,23.73,2023-08-10 10:00:00+00:00,50.09
4.49,24.79,2023-08-10 11:00:00+00:00,45.79
4.54,24.66,2023-08-10 12:00:00+00:00,44.32
4.89,26.93,2023-08-10 13:00:00+00:00,38.4
2.57,28.04,2023-08-10 14:00:00+00:00,35.86
2.18,26.43,2023-08-10 15:00:00+00:00,36.59
2.32,27.17,2023-08-10 16:00:00+00:00,36.32
1.99,29.92,2023-08-10 17:00:00+00:00,31.59
2.43,28.94,2023-08-10 18:00:00+00:00,33.69
2.62,25.49,2023-08-10 19:00:00+00:00,42.39
3.28,21.3,2023-08-10 20:00:00+00:00,55.12
5.87,19.83,2023-08-10 21:00:00+00:00,65.0
5.96,19.34,2023-08-10 22:00:00+00:00,64.33
5.13,19.01,2023-08-10 23:00:00+00:00,64.82
9.12,18.83,2023-08-11 00:00:00+00:00,71.18
11.06,18.85,2023-08-11 01:00:00+00:00,72.68
11.04,18.95,2023-08-11 02:00:00+00:00,72.26
9.74,18.62,2023-08-11 03:00:00+00:00,74.1
11.87,18.3,2023-08-11 04:00:00+00:00,74.03
20.36,18.67,2023-08-11 05:00:00+00:00,71.7
20.19,19.66,2023-08-11 06:00:00+00:00,67.12
16.41,21.87,2023-08-11 07:00:00+00:00,60.17
13.62,23.85,2023-08-11 08:00:00+00:00,56.34
10.69,28.57,2023-08-11 09:00:00+00:00,46.42
7.89,31.45,2023-08-11 10:00:00+00:00,41.22
7.14,33.84,2023-08-11 11:00:00+00:00,38.29
4.53,32.13,2023-08-11 12:00:00+00:00,40.99
3.57,30.37,2023-08-11 13:00:00+00:00,46.68
3.23,30.07,2023-08-11 14:00:00+00:00,48.75
2.49,28.61,2023-08-11 15:00:00+00:00,52.89
2.29,25.84,2023-08-11 16:00:00+00:00,59.56
2.53,23.62,2023-08-11 17:00:00+00:00,66.82
1.42,22.28,2023-08-11 18:00:00+00:00,73.64
1.99,21.75,2023-08-11 19:00:00+00:00,76.32
2.1,21.41,2023-08-11 20:00:00+00:00,77.63
2.49,21.36,2023-08-11 21:00:00+00:00,77.89
3.09,20.97,2023-08-11 22:00:00+00:00,79.88
3.53,20.78,2023-08-11 23:00:00+00:00,80.07
4.64,20.5,2023-08-12 00:00:00+00:00,81.12
4.6,20.56,2023-08-12 01:00:00+00:00,80.99
5.49,20.62,2023-08-12 02:00:00+00:00,81.85
7.67,20.73,2023-08-12 03:00:00+00:00,82.26
14.76,20.6,2023-08-12 04:00:00+00:00,85.74
18.3,20.44,2023-08-12 05:00:00+00:00,87.57
18.56,20.74,2023-08-12 06:00:00+00:00,86.9
21.55,20.83,2023-08-12 07:00:00+00:00,87.99
16.07,20.24,2023-08-12 08:00:00+00:00,88.65
2.24,17.34,2023-08-12 09:00:00+00:00,87.11
2.64,21.05,2023-08-12 10:00:00+00:00,78.51
3.19,23.95,2023-08-12 11:00:00+00:00,64.27
2.94,27.48,2023-08-12 12:00:00+00:00,51.19
3.28,28.37,2023-08-12 13:00:00+00:00,47.96
3.39,28.22,2023-08-12 14:00:00+00:00,47.61
3.15,27.75,2023-08-12 15:00:00+00:00,46.96
3.76,27.4,2023-08-12 16:00:00+00:00,46.78
3.98,25.2,2023-08-12 17:00:00+00:00,49.87
4.22,23.23,2023-08-12 18:00:00+00:00,53.87
4.34,21.04,2023-08-12 19:00:00+00:00,61.69
4.97,19.72,2023-08-12 20:00:00+00:00,69.65
5.13,19.39,2023-08-12 21:00:00+00:00,70.58
5.24,19.02,2023-08-12 22:00:00+00:00,73.56
5.39,18.8,2023-08-12 23:00:00+00:00,76.52
5.61,18.56,2023-08-13 00:00:00+00:00,79.19
5.91,19.01,2023-08-13 01:00:00+00:00,78.43
4.51,19.09,2023-08-13 02:00:00+00:00,77.34
4.66,18.6,2023-08-13 03:00:00+00:00,79.42
4.19,18.41,2023-08-13 04:00:00+00:00,80.11
4.58,18.42,2023-08-13 05:00:00+00:00,80.44
4.1,18.34,2023-08-13 06:00:00+00:00,80.86
4.3,19.59,2023-08-13 07:00:00+00:00,77.13
3.63,21.08,2023-08-13 08:00:00+00:00,70.76
3.52,23.32,2023-08-13 09:00:00+00:00,61.86
3.12,23.46,2023-08-13 10:00:00+00:00,60.25
1.78,27.05,2023-08-13 11:00:00+00:00,49.16
1.24,29.08,2023-08-13 12:00:00+00:00,42.74
1.15,26.32,2023-08-13 13:00:00+00:00,48.97
1.48,22.25,2023-08-13 14:00:00+00:00,63.43
1.06,26.14,2023-08-13 15:00:00+00:00,50.02
0.84,27.85,2023-08-13 16:00:00+00:00,42.12
1.16,25.01,2023-08-13 17:00:00+00:00,48.91
1.38,22.96,2023-08-13 18:00:00+00:00,54.76
2.11,21.04,2023-08-13 19:00:00+00:00,63.17
2.78,19.76,2023-08-13 20:00:00+00:00,69.38
3.44,19.04,2023-08-13 21:00:00+00:00,73.02
3.28,18.5,2023-08-13 22:00:00+00:00,75.86
3.35,18.32,2023-08-13 23:00:00+00:00,76.97
3.12,18.01,2023-08-14 00:00:00+00:00,78.74
3.49,17.78,2023-08-14 01:00:00+00:00,79.42
4.03,17.45,2023-08-14 02:00:00+00:00,81.78
4.71,17.22,2023-08-14 03:00:00+00:00,82.92
5.83,17.05,2023-08-14 04:00:00+00:00,81.44
6.06,16.79,2023-08-14 05:00:00+00:00,81.46
4.09,17.61,2023-08-14 06:00:00+00:00,76.07
3.48,19.37,2023-08-14 07:00:00+00:00,69.18
4.05,21.98,2023-08-14 08:00:00+00:00,57.97
3.0,26.79,2023-08-14 09:00:00+00:00,45.43
2.33,28.89,2023-08-14 10:00:00+00:00,42.14
2.23,32.03,2023-08-14 11:00:00+00:00,37.22
2.03,32.52,2023-08-14 12:00:00+00:00,35.39
2.1,32.94,2023-08-14 13:00:00+00:00,33.83
2.23,33.33,2023-08-14 14:00:00+00:00,33.33
2.44,32.12,2023-08-14 15:00:00+00:00,35.29
2.47,33.24,2023-08-14 16:00:00+00:00,33.32
2.77,31.49,2023-08-14 17:00:00+00:00,36.42
2.79,29.54,2023-08-14 18:00:00+00:00,40.2
3.29,26.1,2023-08-14 19:00:00+00:00,49.35
4.34,24.06,2023-08-14 20:00:00+00:00,56.83
5.97,22.69,2023-08-14 21:00:00+00:00,63.22
5.89,22.15,2023-08-14 22:00:00+00:00,66.31
5.18,21.18,2023-08-14 23:00:00+00:00,70.35
5.05,20.27,2023-08-15 00:00:00+00:00,72.95
3.64,20.02,2023-08-15 01:00:00+00:00,71.57
3.53,19.83,2023-08-15 02:00:00+00:00,74.38
4.08,19.28,2023-08-15 03:00:00+00:00,80.53
5.08,19.07,2023-08-15 04:00:00+00:00,84.39
4.59,18.66,2023-08-15 05:00:00+00:00,86.39
4.59,19.43,2023-08-15 06:00:00+00:00,84.1
3.47,20.95,2023-08-15 07:00:00+00:00,76.55
3.21,21.64,2023-08-15 08:00:00+00:00,72.32
3.0,22.31,2023-08-15 09:00:00+00:00,70.56
3.83,21.05,2023-08-15 10:00:00+00:00,77.45
3.83,21.2,2023-08-15 11:00:00+00:00,76.82
2.29,26.82,2023-08-15 12:00:00+00:00,53.12
2.44,29.84,2023-08-15 13:00:00+00:00,41.44
1.89,29.54,2023-08-15 14:00:00+00:00,42.69
1.69,28.91,2023-08-15 15:00:00+00:00,41.69
1.37,30.07,2023-08-15 16:00:00+00:00,36.91
1.58,28.06,2023-08-15 17:00:00+00:00,37.38
2.28,25.69,2023-08-15 18:00:00+00:00,43.35
1.71,22.41,2023-08-15 19:00:00+00:00,52.51
1.82,19.31,2023-08-15 20:00:00+00:00,64.46
3.13,17.71,2023-08-15 21:00:00+00:00,75.13
4.5,16.97,2023-08-15 22:00:00+00:00,80.62
5.48,16.64,2023-08-15 23:00:00+00:00,83.69
6.01,16.2,2023-08-16 00:00:00+00:00,85.75
6.76,15.79,2023-08-16 01:00:00+00:00,87.08
9.29,15.4,2023-08-16 02:00:00+00:00,88.19
11.35,15.26,2023-08-16 03:00:00+00:00,88.85
16.11,15.06,2023-08-16 04:00:00+00:00,89.22
15.24,15.01,2023-08-16 05:00:00+00:00,89.17
12.02,16.1,2023-08-16 06:00:00+00:00,87.78
7.71,18.82,2023-08-16 07:00:00+00:00,80.06
6.57,20.62,2023-08-16 08:00:00+00:00,75.81
3.06,25.64,2023-08-16 09:00:00+00:00,55.77
1.93,28.06,2023-08-16 10:00:00+00:00,43.56
2.77,30.5,2023-08-16 11:00:00+00:00,38.15
2.53,32.46,2023-08-16 12:00:00+00:00,34.74
2.25,33.47,2023-08-16 13:00:00+00:00,33.35
2.3,32.5,2023-08-16 14:00:00+00:00,34.57
2.29,31.8,2023-08-16 15:00:00+00:00,35.98
2.48,29.66,2023-08-16 16:00:00+00:00,40.73
2.36,27.49,2023-08-16 17:00:00+00:00,46.72
2.26,24.55,2023-08-16 18:00:00+00:00,56.41
3.82,21.85,2023-08-16 19:00:00+00:00,64.2
3.11,20.47,2023-08-16 20:00:00+00:00,67.22
3.86,19.52,2023-08-16 21:00:00+00:00,70.72
4.85,18.66,2023-08-16 22:00:00+00:00,75.97
5.86,17.98,2023-08-16 23:00:00+00:00,80.1
5.21,17.53,2023-08-17 00:00:00+00:00,80.75
5.4,17.16,2023-08-17 01:00:00+00:00,81.3
4.96,16.79,2023-08-17 02:00:00+00:00,82.59
5.31,16.4,2023-08-17 03:00:00+00:00,83.88
5.66,16.26,2023-08-17 04:00:00+00:00,84.72
5.9,16.04,2023-08-17 05:00:00+00:00,85.39
5.22,16.73,2023-08-17 06:00:00+00:00,82.93
3.35,18.7,2023-08-17 07:00:00+00:00,75.52
2.59,19.71,2023-08-17 08:00:00+00:00,70.76
2.33,22.12,2023-08-17 09:00:00+00:00,62.54
2.19,24.64,2023-08-17 10:00:00+00:00,54.08
2.5,25.49,2023-08-17 11:00:00+00:00,52.03
2.36,27.08,2023-08-17 12:00:00+00:00,48.1
2.5,26.38,2023-08-17 13:00:00+00:00,49.74
2.93,26.07,2023-08-17 14:00:00+00:00,51.43
3.21,23.96,2023-08-17 15:00:00+00:00,57.8
3.65,22.46,2023-08-17 16:00:00+00:00,64.4
4.46,21.62,2023-08-17 17:00:00+00:00,68.73
5.35,20.64,2023-08-17 18:00:00+00:00,73.24
6.46,20.06,2023-08-17 19:00:00+00:00,76.53
9.69,19.99,2023-08-17 20:00:00+00:00,77.99
9.24,20.3,2023-08-17 21:00:00+00:00,75.82
7.25,20.22,2023-08-17 22:00:00+00:00,75.84
5.67,19.92,2023-08-17 23:00:00+00:00,75.66
5.52,19.14,2023-08-18 00:00:00+00:00,76.72
11.44,18.72,2023-08-18 01:00:00+00:00,78.33
15.97,18.31,2023-08-18 02:00:00+00:00,80.44
13.8,17.94,2023-08-18 03:00:00+00:00,80.76
15.65,17.41,2023-08-18 04:00:00+00:00,84.98
14.41,17.36,2023-08-18 05:00:00+00:00,86.42
10.19,17.91,2023-08-18 06:00:00+00:00,84.6
8.06,18.75,2023-08-18 07:00:00+00:00,81.27
9.59,20.66,2023-08-18 08:00:00+00:00,74.05
8.87,23.39,2023-08-18 09:00:00+00:00,64.87
10.8,24.02,2023-08-18 10:00:00+00:00,62.84
14.07,24.09,2023-08-18 11:00:00+00:00,63.5
14.17,27.97,2023-08-18 12:00:00+00:00,54.17
13.64,32.68,2023-08-18 13:00:00+00:00,43.18
14.54,33.24,2023-08-18 14:00:00+00:00,42.67
15.8,30.99,2023-08-18 15:00:00+00:00,48.92
18.92,27.55,2023-08-18 16:00:00+00:00,58.94
23.68,26.07,2023-08-18 17:00:00+00:00,65.2
24.23,26.24,2023-08-18 18:00:00+00:00,66.54
24.17,24.55,2023-08-18 19:00:00+00:00,73.44
21.95,23.59,2023-08-18 20:00:00+00:00,78.95
22.19,23.29,2023-08-18 21:00:00+00:00,80.83
24.75,23.05,2023-08-18 22:00:00+00:00,81.75
25.33,23.04,2023-08-18 23:00:00+00:00,81.97
27.66,22.63,2023-08-19 00:00:00+00:00,83.85
26.74,22.64,2023-08-19 01:00:00+00:00,84.38
23.61,23.02,2023-08-19 02:00:00+00:00,83.26
22.9,23.27,2023-08-19 03:00:00+00:00,82.51
22.4,23.58,2023-08-19 04:00:00+00:00,81.39
19.21,24.11,2023-08-19 05:00:00+00:00,78.53
16.14,24.71,2023-08-19 06:00:00+00:00,76.61
19.3,25.33,2023-08-19 07:00:00+00:00,75.08
20.43,26.18,2023-08-19 08:00:00+00:00,74.77
24.63,25.94,2023-08-19 09:00:00+00:00,76.24
9.96,27.93,2023-08-19 10:00:00+00:00,61.64
5.56,28.21,2023-08-19 11:00:00+00:00,56.46
9.15,27.19,2023-08-19 12:00:00+00:00,61.24
8.06,23.99,2023-08-19 13:00:00+00:00,68.9
4.41,22.94,2023-08-19 14:00:00+00:00,68.78
4.34,25.76,2023-08-19 15:00:00+00:00,57.84
3.03,29.15,2023-08-19 16:00:00+00:00,46.27
2.1,27.24,2023-08-19 17:00:00+00:00,47.21
2.53,25.28,2023-08-19 18:00:00+00:00,51.68
2.6,22.45,2023-08-19 19:00:00+00:00,60.41
3.08,20.86,2023-08-19 20:00:00+00:00,67.95
3.3,20.22,2023-08-19 21:00:00+00:00,71.12
3.13,19.79,2023-08-19 22:00:00+00:00,71.5
3.27,19.52,2023-08-19 23:00:00+00:00,73.68
3.13,19.19,2023-08-20 00:00:00+00:00,74.77
2.78,19.27,2023-08-20 01:00:00+00:00,73.31
3.43,19.03,2023-08-20 02:00:00+00:00,75.38
3.84,18.49,2023-08-20 03:00:00+00:00,79.8
6.15,17.98,2023-08-20 04:00:00+00:00,82.74
5.15,17.39,2023-08-20 05:00:00+00:00,85.73
5.34,18.18,2023-08-20 06:00:00+00:00,84.58
4.57,20.26,2023-08-20 07:00:00+00:00,78.35
3.36,21.92,2023-08-20 08:00:00+00:00,73.02
2.86,25.59,2023-08-20 09:00:00+00:00,59.04
2.43,27.54,2023-08-20 10:00:00+00:00,51.28
2.89,29.8,2023-08-20 11:00:00+00:00,44.74
2.27,31.23,2023-08-20 12:00:00+00:00,41.06
1.75,31.86,2023-08-20 13:00:00+00:00,37.7
1.57,32.04,2023-08-20 14:00:00+00:00,36.93
1.4,32.59,2023-08-20 15:00:00+00:00,34.9
1.5,31.75,2023-08-20 16:00:00+00:00,37.82
1.62,29.57,2023-08-20 17:00:00+00:00,42.12
1.55,27.69,2023-08-20 18:00:00+00:00,45.29
1.79,23.6,2023-08-20 19:00:00+00:00,57.89
2.08,21.0,2023-08-20 20:00:00+00:00,68.78
2.55,19.57,2023-08-20 21:00:00+00:00,74.78
3.2,18.69,2023-08-20 22:00:00+00:00,78.36
3.49,18.03,2023-08-20 23:00:00+00:00,81.25
2.97,17.62,2023-08-21 00:00:00+00:00,80.99
2.74,17.37,2023-08-21 01:00:00+00:00,81.1
3.09,17.39,2023-08-21 02:00:00+00:00,82.41
3.35,16.87,2023-08-21 03:00:00+00:00,85.21
3.46,16.49,2023-08-21 04:00:00+00:00,85.86
4.0,16.26,2023-08-21 05:00:00+00:00,85.99
8.6,17.39,2023-08-21 06:00:00+00:00,83.27
4.59,20.54,2023-08-21 07:00:00+00:00,72.91
5.07,22.45,2023-08-21 08:00:00+00:00,70.41
4.09,26.87,2023-08-21 09:00:00+00:00,58.15
3.01,29.18,2023-08-21 10:00:00+00:00,50.97
1.96,30.76,2023-08-21 11:00:00+00:00,42.39
1.52,32.69,2023-08-21 12:00:00+00:00,37.09
1.29,34.44,2023-08-21 13:00:00+00:00,32.95
1.66,34.03,2023-08-21 14:00:00+00:00,34.02
1.51,33.56,2023-08-21 15:00:00+00:00,35.04
1.61,31.98,2023-08-21 16:00:00+00:00,37.08
1.56,29.12,2023-08-21 17:00:00+00:00,42.52
1.78,26.87,2023-08-21 18:00:00+00:00,47.56
1.72,22.76,2023-08-21 19:00:00+00:00,58.94
2.33,20.42,2023-08-21 20:00:00+00:00,66.24
3.16,19.52,2023-08-21 21:00:00+00:00,71.71
4.34,18.74,2023-08-21 22:00:00+00:00,76.42
5.63,18.44,2023-08-21 23:00:00+00:00,79.43
7.36,18.75,2023-08-22 00:00:00+00:00,80.71
5.66,18.6,2023-08-22 01:00:00+00:00,79.88
6.51,18.51,2023-08-22 02:00:00+00:00,81.13
7.45,18.18,2023-08-22 03:00:00+00:00,82.63
10.87,18.08,2023-08-22 04:00:00+00:00,83.86
10.59,17.88,2023-08-22 05:00:00+00:00,82.66
9.63,18.81,2023-08-22 06:00:00+00:00,79.34
11.34,20.17,2023-08-22 07:00:00+00:00,77.39
8.91,22.28,2023-08-22 08:00:00+00:00,72.93
4.04,23.3,2023-08-22 09:00:00+00:00,67.54
4.36,25.09,2023-08-22 10:00:00+00:00,60.09
2.96,25.94,2023-08-22 11:00:00+00:00,55.98
2.68,28.32,2023-08-22 12:00:00+00:00,48.51
2.12,29.65,2023-08-22 13:00:00+00:00,44.9
1.92,30.36,2023-08-22 14:00:00+00:00,43.37
1.89,29.78,2023-08-22 15:00:00+00:00,44.73
1.96,29.17,2023-08-22 16:00:00+00:00,46.52
1.91,26.3,2023-08-22 17:00:00+00:00,53.22
1.97,24.64,2023-08-22 18:00:00+00:00,57.82
2.59,21.12,2023-08-22 19:00:00+00:00,69.7
3.96,19.54,2023-08-22 20:00:00+00:00,77.11
4.72,18.79,2023-08-22 21:00:00+00:00,81.0
6.12,18.4,2023-08-22 22:00:00+00:00,83.46
6.67,18.0,2023-08-22 23:00:00+00:00,84.76
8.02,17.68,2023-08-23 00:00:00+00:00,86.19
9.41,17.71,2023-08-23 01:00:00+00:00,86.24
7.73,17.99,2023-08-23 02:00:00+00:00,83.72
10.69,18.02,2023-08-23 03:00:00+00:00,84.04
14.54,18.07,2023-08-23 04:00:00+00:00,85.09
19.46,17.77,2023-08-23 05:00:00+00:00,86.18
18.34,18.3,2023-08-23 06:00:00+00:00,85.41
17.85,19.56,2023-08-23 07:00:00+00:00,82.8
16.0,22.44,2023-08-23 08:00:00+00:00,74.16
9.45,26.25,2023-08-23 09:00:00+00:00,60.64
7.67,30.55,2023-08-23 10:00:00+00:00,48.25
4.06,30.78,2023-08-23 11:00:00+00:00,43.53
1.8,32.21,2023-08-23 12:00:00+00:00,36.49
1.88,32.76,2023-08-23 13:00:00+00:00,37.47
1.44,32.33,2023-08-23 14:00:00+00:00,36.76
1.71,31.23,2023-08-23 15:00:00+00:00,37.45
1.6,30.99,2023-08-23 16:00:00+00:00,37.62
1.39,29.24,2023-08-23 17:00:00+00:00,40.7
1.44,27.01,2023-08-23 18:00:00+00:00,45.93
1.69,22.31,2023-08-23 19:00:00+00:00,59.16
2.81,20.22,2023-08-23 20:00:00+00:00,66.03
4.96,19.18,2023-08-23 21:00:00+00:00,72.96
8.14,18.45,2023-08-23 22:00:00+00:00,75.46
8.96,18.15,2023-08-23 23:00:00+00:00,76.63
10.8,17.9,2023-08-24 00:00:00+00:00,78.34
8.59,18.26,2023-08-24 01:00:00+00:00,79.19
6.01,18.42,2023-08-24 02:00:00+00:00,80.76
6.72,18.26,2023-08-24 03:00:00+00:00,81.44
8.82,17.88,2023-08-24 04:00:00+00:00,83.63
11.72,17.62,2023-08-24 05:00:00+00:00,85.16
11.51,18.28,2023-08-24 06:00:00+00:00,83.73
9.72,20.18,2023-08-24 07:00:00+00:00,77.5
10.13,22.3,2023-08-24 08:00:00+00:00,71.21
10.72,24.97,2023-08-24 09:00:00+00:00,62.37
13.67,23.0,2023-08-24 10:00:00+00:00,70.21
19.69,21.64,2023-08-24 11:00:00+00:00,80.79
23.61,21.4,2023-08-24 12:00:00+00:00,83.21
11.55,24.79,2023-08-24 13:00:00+00:00,71.53
10.69,24.72,2023-08-24 14:00:00+00:00,71.44
12.64,25.12,2023-08-24 15:00:00+00:00,68.95
9.54,24.07,2023-08-24 16:00:00+00:00,73.07
9.85,23.96,2023-08-24 17:00:00+00:00,73.38
11.21,23.58,2023-08-24 18:00:00+00:00,73.57
15.59,23.04,2023-08-24 19:00:00+00:00,77.56
14.55,22.46,2023-08-24 20:00:00+00:00,81.02
15.24,21.68,2023-08-24 21:00:00+00:00,84.17
20.55,21.45,2023-08-24 22:00:00+00:00,85.51
23.65,20.83,2023-08-24 23:00:00+00:00,87.81
26.5,20.64,2023-08-25 00:00:00+00:00,88.34
31.05,20.2,2023-08-25 01:00:00+00:00,89.5
24.27,20.12,2023-08-25 02:00:00+00:00,89.83
26.14,20.07,2023-08-25 03:00:00+00:00,90.43
30.55,19.97,2023-08-25 04:00:00+00:00,91.1
41.76,20.07,2023-08-25 05:00:00+00:00,90.55
45.79,20.15,2023-08-25 06:00:00+00:00,90.24
36.34,21.02,2023-08-25 07:00:00+00:00,86.88
23.57,22.88,2023-08-25 08:00:00+00:00,77.19
14.14,24.28,2023-08-25 09:00:00+00:00,68.66
11.72,28.45,2023-08-25 10:00:00+00:00,55.18
9.5,34.87,2023-08-25 11:00:00+00:00,38.87
18.91,30.49,2023-08-25 12:00:00+00:00,49.79
16.61,27.43,2023-08-25 13:00:00+00:00,56.32
12.92,28.05,2023-08-25 14:00:00+00:00,53.8
11.6,27.28,2023-08-25 15:00:00+00:00,54.57
6.77,24.98,2023-08-25 16:00:00+00:00,58.31
4.9,22.99,2023-08-25 17:00:00+00:00,62.02
1.88,22.29,2023-08-25 18:00:00+00:00,57.3
1.76,20.29,2023-08-25 19:00:00+00:00,63.77
2.06,19.26,2023-08-25 20:00:00+00:00,69.76
3.18,18.59,2023-08-25 21:00:00+00:00,74.26
3.47,17.96,2023-08-25 22:00:00+00:00,76.39
3.52,17.51,2023-08-25 23:00:00+00:00,77.83
4.64,17.01,2023-08-26 00:00:00+00:00,79.79
4.31,17.21,2023-08-26 01:00:00+00:00,78.73
4.27,17.41,2023-08-26 02:00:00+00:00,77.61
6.5,16.66,2023-08-26 03:00:00+00:00,81.22
6.1,15.74,2023-08-26 04:00:00+00:00,83.05
11.69,15.38,2023-08-26 05:00:00+00:00,85.97
18.3,15.75,2023-08-26 06:00:00+00:00,89.1
10.08,16.91,2023-08-26 07:00:00+00:00,83.88
6.7,18.29,2023-08-26 08:00:00+00:00,79.42
3.03,16.37,2023-08-26 09:00:00+00:00,83.53
1.82,18.56,2023-08-26 10:00:00+00:00,75.99
2.13,23.39,2023-08-26 11:00:00+00:00,59.6
1.64,20.08,2023-08-26 12:00:00+00:00,70.44
1.35,23.37,2023-08-26 13:00:00+00:00,57.83
1.45,22.62,2023-08-26 14:00:00+00:00,60.81
1.28,24.77,2023-08-26 15:00:00+00:00,53.71
1.19,24.15,2023-08-26 16:00:00+00:00,52.98
1.67,21.91,2023-08-26 17:00:00+00:00,58.95
1.56,20.39,2023-08-26 18:00:00+00:00,61.44
3.06,17.93,2023-08-26 19:00:00+00:00,74.24
6.21,16.87,2023-08-26 20:00:00+00:00,82.55
8.12,16.87,2023-08-26 21:00:00+00:00,84.85
7.29,16.38,2023-08-26 22:00:00+00:00,85.03
8.96,16.01,2023-08-26 23:00:00+00:00,85.68
9.93,15.83,2023-08-27 00:00:00+00:00,85.55
9.85,16.08,2023-08-27 01:00:00+00:00,84.45
9.61,16.11,2023-08-27 02:00:00+00:00,84.21
10.29,15.99,2023-08-27 03:00:00+00:00,84.36
5.99,15.33,2023-08-27 04:00:00+00:00,85.07
1.46,14.21,2023-08-27 05:00:00+00:00,86.4
1.53,14.22,2023-08-27 06:00:00+00:00,85.47
1.12,15.21,2023-08-27 07:00:00+00:00,80.7
2.42,19.15,2023-08-27 08:00:00+00:00,68.87
2.13,20.87,2023-08-27 09:00:00+00:00,61.29
0.9,21.61,2023-08-27 10:00:00+00:00,51.45
1.26,21.51,2023-08-27 11:00:00+00:00,55.14
1.12,20.79,2023-08-27 12:00:00+00:00,56.5
1.73,21.45,2023-08-27 13:00:00+00:00,54.72
2.06,22.93,2023-08-27 14:00:00+00:00,51.5
1.2,23.03,2023-08-27 15:00:00+00:00,51.58
1.7,17.06,2023-08-27 16:00:00+00:00,78.4
1.47,18.13,2023-08-27 17:00:00+00:00,73.32
1.5,18.02,2023-08-27 18:00:00+00:00,72.24
1.73,16.14,2023-08-27 19:00:00+00:00,79.91
2.57,15.32,2023-08-27 20:00:00+00:00,82.64
2.63,14.67,2023-08-27 21:00:00+00:00,83.37
3.51,14.1,2023-08-27 22:00:00+00:00,85.66
2.77,14.06,2023-08-27 23:00:00+00:00,85.71
2.82,14.07,2023-08-28 00:00:00+00:00,86.46
3.41,13.88,2023-08-28 01:00:00+00:00,88.04
4.24,14.17,2023-08-28 02:00:00+00:00,89.3
3.8,14.89,2023-08-28 03:00:00+00:00,88.49
4.99,14.25,2023-08-28 04:00:00+00:00,88.54
5.13,13.98,2023-08-28 05:00:00+00:00,89.93
5.3,14.42,2023-08-28 06:00:00+00:00,88.46
7.65,16.55,2023-08-28 07:00:00+00:00,84.63
2.99,20.74,2023-08-28 08:00:00+00:00,65.98
1.17,24.11,2023-08-28 09:00:00+00:00,52.59
0.86,25.87,2023-08-28 10:00:00+00:00,45.98
0.8,27.52,2023-08-28 11:00:00+00:00,42.44
0.82,29.63,2023-08-28 12:00:00+00:00,37.0
0.99,28.02,2023-08-28 13:00:00+00:00,40.33
0.63,28.84,2023-08-28 14:00:00+00:00,38.85
0.72,28.87,2023-08-28 15:00:00+00:00,39.23
0.65,26.4,2023-08-28 16:00:00+00:00,43.42
0.88,24.34,2023-08-28 17:00:00+00:00,48.99
1.04,24.61,2023-08-28 18:00:00+00:00,48.63
1.41,19.97,2023-08-28 19:00:00+00:00,63.43
1.85,17.9,2023-08-28 20:00:00+00:00,72.54
1.69,16.86,2023-08-28 21:00:00+00:00,75.67
2.13,16.0,2023-08-28 22:00:00+00:00,79.85
2.73,15.32,2023-08-28 23:00:00+00:00,83.62
3.31,14.74,2023-08-29 00:00:00+00:00,85.51
3.82,14.34,2023-08-29 01:00:00+00:00,87.06
4.52,14.13,2023-08-29 02:00:00+00:00,87.88
5.0,14.01,2023-08-29 03:00:00+00:00,88.91
5.92,14.41,2023-08-29 04:00:00+00:00,89.48
6.38,14.6,2023-08-29 05:00:00+00:00,88.31
5.78,14.61,2023-08-29 06:00:00+00:00,87.7
10.16,16.09,2023-08-29 07:00:00+00:00,84.39
6.45,19.7,2023-08-29 08:00:00+00:00,70.25
2.96,23.26,2023-08-29 09:00:00+00:00,56.93
1.81,23.54,2023-08-29 10:00:00+00:00,53.94
3.59,22.87,2023-08-29 11:00:00+00:00,57.04
2.57,24.91,2023-08-29 12:00:00+00:00,47.28
2.14,21.24,2023-08-29 13:00:00+00:00,56.79
2.56,21.07,2023-08-29 14:00:00+00:00,56.1
2.34,23.36,2023-08-29 15:00:00+00:00,48.05
2.54,23.88,2023-08-29 16:00:00+00:00,48.54
2.84,21.31,2023-08-29 17:00:00+00:00,55.67
3.65,19.2,2023-08-29 18:00:00+00:00,60.47
4.1,17.79,2023-08-29 19:00:00+00:00,65.06
4.48,16.96,2023-08-29 20:00:00+00:00,66.36
3.86,17.21,2023-08-29 21:00:00+00:00,64.38
3.39,16.75,2023-08-29 22:00:00+00:00,65.9
4.56,15.69,2023-08-29 23:00:00+00:00,70.6
6.85,15.33,2023-08-30 00:00:00+00:00,73.12
7.58,16.18,2023-08-30 01:00:00+00:00,71.64
9.42,16.37,2023-08-30 02:00:00+00:00,72.21
10.93,16.44,2023-08-30 03:00:00+00:00,73.75
13.08,16.21,2023-08-30 04:00:00+00:00,74.63
15.85,15.82,2023-08-30 05:00:00+00:00,75.97
14.77,15.71,2023-08-30 06:00:00+00:00,75.2
17.76,15.05,2023-08-30 07:00:00+00:00,80.52
16.95,15.3,2023-08-30 08:00:00+00:00,84.28
13.1,15.91,2023-08-30 09:00:00+00:00,83.32
6.71,16.69,2023-08-30 10:00:00+00:00,80.97
2.64,22.91,2023-08-30 11:00:00+00:00,56.83
2.79,26.33,2023-08-30 12:00:00+00:00,42.63
1.76,23.62,2023-08-30 13:00:00+00:00,46.82
2.31,19.44,2023-08-30 14:00:00+00:00,70.14
1.72,21.86,2023-08-30 15:00:00+00:00,57.12
1.76,21.31,2023-08-30 16:00:00+00:00,53.58
1.81,20.63,2023-08-30 17:00:00+00:00,54.92
1.89,18.12,2023-08-30 18:00:00+00:00,65.92
1.84,15.9,2023-08-30 19:00:00+00:00,71.19
2.21,14.41,2023-08-30 20:00:00+00:00,74.32
1.72,13.94,2023-08-30 21:00:00+00:00,75.54
1.59,13.63,2023-08-30 22:00:00+00:00,74.98
1.42,13.99,2023-08-30 23:00:00+00:00,78.07
2.66,13.54,2023-08-31 00:00:00+00:00,83.99
1.88,13.2,2023-08-31 01:00:00+00:00,85.2
2.13,13.57,2023-08-31 02:00:00+00:00,84.29
2.25,13.87,2023-08-31 03:00:00+00:00,87.1
2.32,13.99,2023-08-31 04:00:00+00:00,86.95
1.82,14.02,2023-08-31 05:00:00+00:00,86.49
2.21,13.93,2023-08-31 06:00:00+00:00,85.75
2.04,15.26,2023-08-31 07:00:00+00:00,82.28
2.31,18.0,2023-08-31 08:00:00+00:00,71.78
2.11,19.07,2023-08-31 09:00:00+00:00,65.7
1.88,20.96,2023-08-31 10:00:00+00:00,57.33
2.17,23.65,2023-08-31 11:00:00+00:00,50.17
1.74,24.92,2023-08-31 12:00:00+00:00,44.29
1.54,25.7,2023-08-31 13:00:00+00:00,39.58
1.59,26.49,2023-08-31 14:00:00+00:00,38.75
1.36,25.25,2023-08-31 15:00:00+00:00,39.51
1.37,27.32,2023-08-31 16:00:00+00:00,34.11
1.41,25.04,2023-08-31 17:00:00+00:00,38.04
1.38,22.57,2023-08-31 18:00:00+00:00,43.07
2.98,18.36,2023-08-31 19:00:00+00:00,57.07
3.13,16.3,2023-08-31 20:00:00+00:00,67.08
4.08,15.83,2023-08-31 21:00:00+00:00,71.18
3.67,15.88,2023-08-31 22:00:00+00:00,72.51
3.89,16.06,2023-08-31 23:00:00+00:00,71.58
2.71,15.92,2023-09-01 00:00:00+00:00,70.59
3.53,15.78,2023-09-01 01:00:00+00:00,73.99
5.05,16.0,2023-09-01 02:00:00+00:00,74.88
7.7,16.21,2023-09-01 03:00:00+00:00,78.27
11.62,16.38,2023-09-01 04:00:00+00:00,79.58
11.25,16.43,2023-09-01 05:00:00+00:00,78.9
11.31,16.56,2023-09-01 06:00:00+00:00,79.63
10.63,17.28,2023-09-01 07:00:00+00:00,76.85
8.65,18.26,2023-09-01 08:00:00+00:00,73.59
7.39,18.62,2023-09-01 09:00:00+00:00,72.41
7.52,19.42,2023-09-01 10:00:00+00:00,69.94
5.73,22.29,2023-09-01 11:00:00+00:00,60.33
4.05,23.15,2023-09-01 12:00:00+00:00,56.98
5.41,22.95,2023-09-01 13:00:00+00:00,59.07
7.18,22.33,2023-09-01 14:00:00+00:00,62.35
8.84,23.15,2023-09-01 15:00:00+00:00,60.62
9.13,23.95,2023-09-01 16:00:00+00:00,59.11
11.23,22.18,2023-09-01 17:00:00+00:00,65.03
13.92,19.97,2023-09-01 18:00:00+00:00,74.3
18.36,18.57,2023-09-01 19:00:00+00:00,84.12
23.66,18.06,2023-09-01 20:00:00+00:00,87.39
30.46,17.78,2023-09-01 21:00:00+00:00,89.73
37.6,17.51,2023-09-01 22:00:00+00:00,91.01
30.1,17.42,2023-09-01 23:00:00+00:00,90.64
